{"stats":{"minecraft:dropped":{"minecraft:diamond":1,"minecraft:cobblestone":2,"minecraft:spruce_button":1,"minecraft:farmland":1,"minecraft:sweet_berries":1,"minecraft:spruce_fence":1,"minecraft:diorite_wall":1,"minecraft:bell":1,"minecraft:calcite":1},"minecraft:killed":{"minecraft:wandering_trader":2,"minecraft:squid":1,"minecraft:trader_llama":4,"minecraft:cow":2},"minecraft:picked_up":{"minecraft:allium":5,"minecraft:azure_bluet":1,"minecraft:lead":4,"minecraft:wither_rose":1,"minecraft:item_frame":1,"minecraft:oak_sign":3,"minecraft:blue_orchid":1,"minecraft:beef":1,"minecraft:white_tulip":64,"minecraft:rose_bush":1,"minecraft:calcite":3,"minecraft:poppy":1,"minecraft:spruce_fence":1,"minecraft:quartz_pillar":2,"minecraft:stone_button":1,"minecraft:quartz_block":1,"minecraft:arrow":128,"minecraft:peony":2,"minecraft:red_tulip":5,"minecraft:pink_tulip":68,"minecraft:cobblestone":2,"minecraft:oxeye_daisy":3,"minecraft:lilac":291,"minecraft:leather":3,"minecraft:lantern":6,"minecraft:purple_carpet":1,"minecraft:wheat_seeds":1,"minecraft:orange_tulip":2,"minecraft:bell":1,"minecraft:flowering_azalea":2,"minecraft:scaffolding":10,"minecraft:diorite_wall":1,"minecraft:dandelion":2,"minecraft:sand":3,"minecraft:ink_sac":3,"minecraft:lily_of_the_valley":2,"minecraft:polished_diorite":1,"minecraft:spruce_button":1,"minecraft:sunflower":1},"minecraft:custom":{"minecraft:interact_with_anvil":1,"minecraft:mob_kills":9,"minecraft:animals_bred":1,"minecraft:inspect_hopper":1,"minecraft:open_barrel":11,"minecraft:fill_cauldron":1,"minecraft:interact_with_campfire":6,"minecraft:bell_ring":16,"minecraft:leave_game":49,"minecraft:time_since_death":1103002,"minecraft:climb_one_cm":52294,"minecraft:sprint_one_cm":139196,"minecraft:walk_one_cm":718310,"minecraft:drop":10,"minecraft:play_time":1103002,"minecraft:sneak_time":74672,"minecraft:walk_under_water_one_cm":50890,"minecraft:jump":1424,"minecraft:walk_on_water_one_cm":54876,"minecraft:total_world_time":1292933,"minecraft:interact_with_furnace":1,"minecraft:interact_with_loom":1,"minecraft:pot_flower":36,"minecraft:time_since_rest":1103002,"minecraft:damage_dealt":1680,"minecraft:interact_with_beacon":1,"minecraft:swim_one_cm":453,"minecraft:fly_one_cm":12205999,"minecraft:open_chest":1,"minecraft:crouch_one_cm":19251,"minecraft:horse_one_cm":10702},"minecraft:used":{"minecraft:oak_fence":47,"minecraft:diorite_stairs":31,"minecraft:azalea":2,"minecraft:peony":624,"minecraft:moss_block":43,"minecraft:netherite_sword":25,"minecraft:rose_bush":184,"minecraft:writable_book":2,"minecraft:iron_bars":36,"minecraft:polished_granite_stairs":3,"minecraft:polished_deepslate":206,"minecraft:flint_and_steel":9,"minecraft:white_tulip":392,"minecraft:armor_stand":6,"minecraft:spruce_slab":141,"minecraft:poppy":55,"minecraft:ladder":30,"minecraft:oak_sign":12,"minecraft:spruce_planks":96,"minecraft:chest":18,"minecraft:stone":15,"minecraft:quartz_stairs":260,"minecraft:wooden_shovel":303,"minecraft:bell":3,"minecraft:player_head":7,"minecraft:stripped_crimson_stem":13,"minecraft:debug_stick":302,"minecraft:dirt":1,"minecraft:dragon_egg":2,"minecraft:brewing_stand":1,"minecraft:anvil":30,"minecraft:target":1,"minecraft:lily_of_the_valley":151,"minecraft:hopper":10,"minecraft:spruce_stairs":93,"minecraft:jungle_slab":2,"minecraft:allium":204,"minecraft:pink_terracotta":9,"minecraft:spruce_fence":59,"minecraft:azure_bluet":24,"minecraft:stripped_spruce_log":191,"minecraft:oak_fence_gate":2,"minecraft:polished_diorite":1073,"minecraft:polished_deepslate_stairs":27,"minecraft:andesite_wall":73,"minecraft:stone_brick_slab":66,"minecraft:dark_oak_planks":133,"minecraft:sea_lantern":1,"minecraft:bookshelf":12,"minecraft:red_tulip":8,"minecraft:quartz_pillar":474,"minecraft:quartz_slab":414,"minecraft:grass_block":380,"minecraft:red_wool":42,"minecraft:lantern":57,"minecraft:oak_stairs":34,"minecraft:blue_orchid":114,"minecraft:spruce_button":2,"minecraft:polished_andesite_stairs":176,"minecraft:polished_deepslate_wall":42,"minecraft:quartz_block":309,"minecraft:green_wool":10,"minecraft:dark_oak_slab":106,"minecraft:diorite_wall":726,"minecraft:crimson_planks":8,"minecraft:barrel":74,"minecraft:stone_brick_stairs":288,"minecraft:stone_bricks":767,"minecraft:item_frame":27,"minecraft:bedrock":3,"minecraft:light_gray_wool":5,"minecraft:tripwire_hook":11,"minecraft:tall_grass":2,"minecraft:glowstone":1,"minecraft:repeater":1,"minecraft:redstone_lamp":1,"minecraft:scaffolding":28,"minecraft:bow":7,"minecraft:black_stained_glass":1,"minecraft:iron_trapdoor":51,"minecraft:hay_block":22,"minecraft:sweet_berries":13,"minecraft:oak_sapling":1,"minecraft:furnace":2,"minecraft:podzol":10,"minecraft:polished_diorite_stairs":172,"minecraft:observer":1,"minecraft:turtle_egg":3,"minecraft:large_fern":1,"minecraft:calcite":1088,"minecraft:wheat_seeds":140,"minecraft:dark_oak_stairs":184,"minecraft:water_bucket":20,"minecraft:diorite":385,"minecraft:end_rod":28,"minecraft:pink_tulip":572,"minecraft:dirt_path":23,"minecraft:spruce_door":5,"minecraft:polished_andesite":237,"minecraft:acacia_trapdoor":1,"minecraft:dark_oak_sign":2,"minecraft:oak_planks":70,"minecraft:cartography_table":1,"minecraft:polished_diorite_slab":321,"minecraft:fox_spawn_egg":40,"minecraft:sandstone":4,"minecraft:redstone_block":4,"minecraft:jungle_pressure_plate":2,"minecraft:composter":10,"minecraft:cauldron":1,"minecraft:fletching_table":2,"minecraft:beacon":1,"minecraft:stonecutter":1,"minecraft:cobblestone_slab":9,"minecraft:spruce_fence_gate":32,"minecraft:horse_spawn_egg":1,"minecraft:conduit":1,"minecraft:oak_leaves":7,"minecraft:white_wool":49,"minecraft:respawn_anchor":1,"minecraft:polished_deepslate_slab":16,"minecraft:dark_oak_trapdoor":1,"minecraft:diamond_block":6,"minecraft:rail":17,"minecraft:comparator":1,"minecraft:crafting_table":1,"minecraft:oak_slab":24,"minecraft:loom":2,"minecraft:crimson_trapdoor":2,"minecraft:birch_sign":3,"minecraft:crossbow":7,"minecraft:campfire":3,"minecraft:dark_oak_fence_gate":10,"minecraft:chiseled_quartz_block":200,"minecraft:stone_brick_wall":21,"minecraft:painting":11,"minecraft:cake":2,"minecraft:smoker":2,"minecraft:birch_fence":48,"minecraft:oak_log":213,"minecraft:netherite_block":166,"minecraft:wooden_hoe":144,"minecraft:flower_pot":38,"minecraft:cornflower":63,"minecraft:oxeye_daisy":45,"minecraft:daylight_detector":2,"minecraft:sunflower":1,"minecraft:stone_button":13,"minecraft:oak_button":2,"minecraft:gray_candle":1,"minecraft:spruce_pressure_plate":3,"minecraft:lectern":34,"minecraft:spore_blossom":1,"minecraft:stone_slab":15,"minecraft:red_terracotta":11,"minecraft:polished_granite":2,"minecraft:spruce_trapdoor":355,"minecraft:oak_pressure_plate":4,"minecraft:flowering_azalea_leaves":762,"minecraft:lilac":982,"minecraft:cobblestone":82,"minecraft:azalea_leaves":299,"minecraft:end_crystal":2,"minecraft:crimson_stairs":16,"minecraft:white_banner":15,"minecraft:grindstone":19,"minecraft:dark_oak_fence":17,"minecraft:andesite":20,"minecraft:chest_minecart":1,"minecraft:chain":9,"minecraft:glass_pane":44,"minecraft:smooth_stone_slab":65,"minecraft:yellow_bed":1,"minecraft:wither_rose":2,"minecraft:sea_pickle":4,"minecraft:stripped_oak_log":227,"minecraft:dandelion":81,"minecraft:gray_wool":101,"minecraft:smooth_stone":9,"minecraft:bone_meal":442,"minecraft:candle":31,"minecraft:jukebox":1,"minecraft:diorite_slab":10,"minecraft:cobweb":2}},"DataVersion":2975}